id_instrumento;id_emisor;id_tipo_inversion;codigo_titulo;nombre;fecha_emision;fecha_vencimiento;tasa_referencial;rendimiento_nominal;codigo_seb;codigo_bce;fechas_recuperacion;vector_precio;activo;fecha_creacion;fecha_actualizacion;codigo_titulo_vector;match_status
1;142;5;INV_5_20270830;AGRO SILVIA MARIA AGROSYLMA 2027-08-30;;30/8/2027;8.5;;;;;10.063.147.602.131;1;30/3/2026 2:40;30/3/2026 2:40;3330101000012700000000000000000000;matched_1d
2;129;1;INV_1_20200331;Pacífico 2020-03-31;26/2/2020;31/3/2020;4.95;4.95;;;;;1;30/3/2026 2:40;3/4/2026 9:18;Vencido 1;vencido_sin_match
3;150;75;INV_75_20281212;NUEVO TRANSPORTE 2028-12-12;12/6/2023;12/12/2028;8.5;;;;;0.973296767437972;1;30/3/2026 2:40;30/3/2026 2:40;605030100003281000;matched_nuevo_transporte_tit_tramo_i_serie_c
4;129;1;INV_1_20200703;Pacífico 2020-07-03;3/6/2020;3/7/2020;5.17;5.17;;;;;1;30/3/2026 2:40;3/4/2026 9:18;Vencido 2;vencido_sin_match
5;141;3;INV_3_20220113;Superdeporte 2022-01-13;;13/1/2022;9.32;;;;;;1;30/3/2026 2:40;30/3/2026 2:40;Vencido 3;vencido_sin_match
6;129;1;INV_1_20201215;Pacífico 2020-12-15;30/10/2020;15/12/2020;4.67;4.67;;;;;1;30/3/2026 2:40;3/4/2026 9:18;Vencido 4;vencido_sin_match
7;128;1;INV_1_20210115;2020-06-16 Diners 2021-01-15;16/6/2020;15/1/2021;8.16;8.16;;;;;1;30/3/2026 2:40;3/4/2026 8:59;Vencido 5;vencido_sin_match
8;139;4;INV_4_20271018;2023-10-18 BONOS DEL ESTADO 2027-10-18;18/10/2023;18/10/2027;4.71;;;;;0.960907550382346;1;30/3/2026 2:40;30/3/2026 2:40;450401001012710000000000000000000;matched_2d
9;139;4;INV_4_20320517;2023-05-17 BONOS DEL ESTADO 2032-05-17;17/5/2023;17/5/2032;6.21;;;;;0.846620932353171;1;30/3/2026 2:40;30/3/2026 2:40;45040100202320500000000000000000;matched_2d
10;148;5;INV_5_20280303;CORPETROLSA 2028-03-03;;3/3/2028;8.5;;;;;0.998619077795552;1;30/3/2026 2:40;30/3/2026 2:40;598010100001280000000000000000000;matched_1d
11;139;4;INV_4_20331118;2024-11-18 BONOS DEL ESTADO 2033-11-18;18/11/2024;18/11/2033;6.21;;;;;0.796006224947051;1;30/3/2026 2:40;30/3/2026 2:40;45040100401331100000000000000000;matched_2d
12;139;4;INV_4_20291018;2023-10-18 BONOS DEL ESTADO 2029-10-18;18/10/2023;18/10/2029;5.36;;;;;0.912808521872776;1;30/3/2026 2:40;30/3/2026 2:40;450401001012910000000000000000000;matched_2d
13;140;2;INV_2_20210512;2020-12-16 MOLSANDO MOLINOS - DANEC 2021-05-12;16/12/2020;12/5/2021;8.94;8.94;;;;;1;30/3/2026 2:40;3/4/2026 9:18;Vencido 6;vencido_sin_match
14;139;4;INV_4_20301227;2022-12-27 BONOS DEL ESTADO 2030-12-27;27/12/2022;27/12/2030;5.93;;;;;0.899241133868897;1;30/3/2026 2:40;30/3/2026 2:40;450401002013012000000000000000000;matched_2d
15;146;5;INV_5_20271210;EMPAGRAN 2027-12-10;;10/12/2027;9.0;;;;;0.999775131833211;1;30/3/2026 2:40;30/3/2026 2:40;5260101000012710000000000000000000;matched_1d
16;143;5;INV_5_20221220;Comandato 2022-12-20;;20/12/2022;8.0;;;;;;1;30/3/2026 2:40;30/3/2026 2:40;Vencido 7;vencido_sin_match
17;139;4;INV_4_20340508;2025-05-08 BONOS DEL ESTADO 2034-05-08;8/5/2025;8/5/2034;7.93;;;;;0.857404442928659;1;30/3/2026 2:40;30/3/2026 2:40;45040100101340500000000000000000;matched_2d
18;136;5;INV_5_20251118;PRODUCTORA CARTONERA S.A. 2025-11-18 2025-11-18;;18/11/2025;8.5;;;;;;1;30/3/2026 2:40;30/3/2026 2:40;Vencido 8;vencido_sin_match
19;131;2;INV_2_20191201;2019-07-10 VECTORQUIM CÍA. LTDA. 2019-12-01;10/7/2019;1/12/2019;8.75;8.75;;;;;1;30/3/2026 2:40;3/4/2026 9:18;Vencido 9;vencido_sin_match
20;139;4;INV_4_20301228;2022-12-28 BONOS DEL ESTADO 2030-12-28;28/12/2022;28/12/2030;5.93;;;;;0.899146903947696;1;30/3/2026 2:40;30/3/2026 2:40;45040100202301200000000000000000;matched_2d
21;130;2;INV_2_20210627;2020-12-16 CARTIMEX S. A. 2021-06-27;16/12/2020;27/6/2021;9.12;9.12;;;;;1;30/3/2026 2:40;3/4/2026 9:18;Vencido 10;vencido_sin_match
22;139;4;INV_4_20301215;2022-12-15 BONOS DEL ESTADO 2030-12-15;15/12/2022;15/12/2030;5.93;;;;;0.900373695736292;1;30/3/2026 2:40;30/3/2026 2:40;45040100201301200000000000000000;matched_2d
23;141;3;INV_3_20210825;Superdeporte 2021-08-25;;25/8/2021;8.77;;;;;;1;30/3/2026 2:40;30/3/2026 2:40;Vencido 11;vencido_sin_match
24;134;2;INV_2_20191213;2019-10-25 CIMEXPORT S.A. 2019-12-13;25/10/2019;13/12/2019;7.27;7.27;;;;;1;30/3/2026 2:40;3/4/2026 9:18;Vencido 12;vencido_sin_match
25;14;73;INV_73_20341231;BRIKAPITAL 2034-12-31;1/2/2024;31/12/2034;6.0;12.45;;;;;1;30/3/2026 2:40;3/4/2026 9:14;ACC BRIKAPITAL;manual_equivalencia_usuario
26;151;5;INV_5_20280205;TELCONET 2028-02-05;5/2/2025;5/2/2028;9.0;;;;;0.995745712692851;1;30/3/2026 2:40;30/3/2026 2:40;56010100001280200000000000000000;matched_2d
27;152;5;SEB_-;BLUE ENERGY 2033-03-11;11/3/2026;11/3/2033;9.0;;;;;0.964773227546219;1;30/3/2026 2:40;30/3/2026 2:40;669010100001330000000000000000000;matched_2d
28;139;4;INV_4_20311227;2022-12-27 BONOS DEL ESTADO 2031-12-27;27/12/2022;27/12/2031;6.21;;;;;0.880897131572394;1;30/3/2026 2:40;30/3/2026 2:40;450401002013112000000000000000000;matched_2d
29;146;5;INV_5_20280408;EMPAGRAN 2028-04-08;8/4/2025;8/4/2028;9.0;;;;;102.114.815.813.898;1;30/3/2026 2:40;30/3/2026 2:40;526010100001280000000000000000000;matched_2d
30;139;4;INV_4_20300524;2023-05-24 BONOS DEL ESTADO 2030-05-24;24/5/2023;24/5/2030;5.64;;;;;0.894245847186094;1;30/3/2026 2:40;30/3/2026 2:40;45040100201300500000000000000000;matched_2d
31;135;2;INV_2_20200902;2020-03-20 SURPAPEL 2020-09-02;20/3/2020;2/9/2020;9.0;9.0;;;;;1;30/3/2026 2:40;3/4/2026 9:18;Vencido 13;vencido_sin_match
32;137;2;INV_2_20201028;2020-07-07 REPAPERS RECICLAJE DEL ECUADOR SA 2020-10-28;7/7/2020;28/10/2020;8.09;8.09;;;;;1;30/3/2026 2:40;3/4/2026 9:18;Vencido 14;vencido_sin_match
33;136;5;INV_5_20240113;PRODUCTORA CARTONERA S.A. 2024-01-13 2024-01-13;;13/1/2024;8.0;;;;;;1;30/3/2026 2:40;30/3/2026 2:40;Vencido 15;vencido_sin_match
34;147;5;INV_5_20260622;FUROIANI 2026-06-22 2026-06-22;;22/6/2026;8.0;;;;;;1;30/3/2026 2:40;30/3/2026 2:40;OBL FUROIANI;manual_equivalencia_usuario
35;136;2;INV_2_20201022;2020-06-02 PRODUCTORA CARTONERA S.A. 2020-10-22;2/6/2020;22/10/2020;9.01;9.01;;;;;1;30/3/2026 2:40;3/4/2026 9:18;Vencido 16;vencido_sin_match
36;139;4;INV_4_20291228;2022-12-28 BONOS DEL ESTADO 2029-12-28;28/12/2022;28/12/2029;5.64;;;;;0.918139378941372;1;30/3/2026 2:40;30/3/2026 2:40;45040100202291200000000000000000;matched_2d
37;136;2;INV_2_20201213;2020-07-03 PRODUCTORA CARTONERA S.A. 2020-12-13;3/7/2020;13/12/2020;8.45;8.45;;;;;1;30/3/2026 2:40;3/4/2026 9:18;Vencido 17;vencido_sin_match
38;139;4;INV_4_20311202;2024-12-02 BONOS DEL ESTADO 2031-12-02;2/12/2024;2/12/2031;5.64;;;;;0.843136217433605;1;30/3/2026 2:40;30/3/2026 2:40;4504010040131120000000000000000;matched_2d
39;139;4;INV_4_20261018;2023-10-18 BONOS DEL ESTADO 2026-10-18;2023-10-18;2026-10-18;4.3;;;;;;1;30/3/2026 2:40;30/3/2026 2:40;45040100101261000;no_match_or_ambiguous
40;139;4;INV_4_20201201;2013-12-01 BONOS DEL ESTADO 2020-12-01;1/12/2013;1/12/2020;5.64;;;;;;1;30/3/2026 2:40;30/3/2026 2:40;Vencido 18;vencido_sin_match
41;137;2;INV_2_20201028;2020-07-06 REPAPERS RECICLAJE DEL ECUADOR SA 2020-10-28;6/7/2020;28/10/2020;8.09;8.09;;;;;1;30/3/2026 2:40;3/4/2026 9:18;Vencido 19;vencido_sin_match
42;130;2;INV_2_20210613;2020-12-29 CARTIMEX S. A. 2021-06-13;29/12/2020;13/6/2021;9.06;9.06;;;;;1;30/3/2026 2:40;3/4/2026 9:18;Vencido 20;vencido_sin_match
43;139;4;INV_4_20320905;2025-09-05 BONOS DEL ESTADO 2032-09-05;5/9/2025;5/9/2032;7.54;;;;;0.898960747659639;1;30/3/2026 2:40;30/3/2026 2:40;450401001013209000000000000000000;matched_2d
44;131;2;INV_2_20200705;2020-02-20 VECTORQUIM CÍA. LTDA. 2020-07-05;20/2/2020;5/7/2020;9.16;9.16;;;;;1;30/3/2026 2:40;3/4/2026 9:18;Vencido 21;vencido_sin_match
45;139;4;INV_4_20250524;2023-05-24 BONOS DEL ESTADO 2025-05-24;24/5/2023;24/5/2025;3.82;;;;;;1;30/3/2026 2:40;30/3/2026 2:40;Vencido 22;vencido_sin_match
46;139;4;INV_4_20330711;2023-07-11 BONOS DEL ESTADO 2033-07-11;11/7/2023;11/7/2033;6.5;;;;;0.797102922772763;1;30/3/2026 2:40;30/3/2026 2:40;45040100101330700000000000000000;matched_2d
47;132;2;INV_2_20201126;2020-07-14 INDUGEM - INDUSTRIAL GEMINIS 2020-11-26;14/7/2020;26/11/2020;8.89;8.89;;;;;1;30/3/2026 2:40;3/4/2026 9:18;Vencido 23;vencido_sin_match
48;130;2;INV_2_20200814;2020-02-20 CARTIMEX S. A. 2020-08-14;20/2/2020;14/8/2020;8.97;8.97;;;;;1;30/3/2026 2:40;3/4/2026 9:18;Vencido 24;vencido_sin_match
49;130;2;INV_2_20200821;2020-03-13 CARTIMEX S. A. 2020-08-21;13/3/2020;21/8/2020;8.58;8.58;;;;;1;30/3/2026 2:40;3/4/2026 9:18;Vencido 25;vencido_sin_match
50;151;5;INV_5_20280509;TELCONET 2028-05-09;9/5/2025;9/5/2028;9.0;;;;;0.994677386023147;1;30/3/2026 2:40;30/3/2026 2:40;56010100001280500000000000000000;matched_2d
51;139;4;INV_4_20311204;2024-12-04 BONOS DEL ESTADO 2031-12-04;4/12/2024;4/12/2031;5.64;;;;;0.838244225561341;1;30/3/2026 2:40;30/3/2026 2:40;4504010040231120000000000000000;matched_2d
52;139;4;INV_4_20330806;2025-08-06 BONOS DEL ESTADO 2033-08-06;6/8/2025;6/8/2033;7.72;;;;;0.877757548450061;1;30/3/2026 2:40;30/3/2026 2:40;45040100101330800000000000000000;matched_2d
53;139;4;INV_4_20320725;2024-07-25 BONOS DEL ESTADO 2032-07-25;25/7/2024;25/7/2032;5.93;;;;;0.867528374614115;1;30/3/2026 2:40;30/3/2026 2:40;45040100401320700000000000000000;matched_2d
54;131;2;INV_2_20200221;2019-10-25 VECTORQUIM CÍA. LTDA. 2020-02-21;25/10/2019;21/2/2020;9.02;9.02;;;;;1;30/3/2026 2:40;3/4/2026 9:18;Vencido 26;vencido_sin_match
55;130;2;INV_2_20210219;2020-09-02 CARTIMEX S. A. 2021-02-19;2/9/2020;19/2/2021;9.01;9.01;;;;;1;30/3/2026 2:40;3/4/2026 9:18;Vencido 27;vencido_sin_match
56;138;2;INV_2_20210614;2020-12-17 INTEROC S.A. 2021-06-14;17/12/2020;14/6/2021;9.04;9.04;;;;;1;30/3/2026 2:40;3/4/2026 9:18;Vencido 28;vencido_sin_match
57;151;5;INV_5_20310113;TELCONET 2031-01-13;13/1/2026;13/1/2031;9.0;;;;;0.96969070033946;1;30/3/2026 2:40;30/3/2026 2:40;56010100001310100000000000000000;matched_2d
58;131;2;INV_2_20200411;2019-12-02 VECTORQUIM CÍA. LTDA. 2020-04-11;2/12/2019;11/4/2020;9.01;9.01;;;;;1;30/3/2026 2:40;3/4/2026 9:18;Vencido 29;vencido_sin_match
59;131;2;INV_2_20200412;2019-12-02 VECTORQUIM CÍA. LTDA. 2020-04-12;2/12/2019;12/4/2020;9.22;9.22;;;;;1;30/3/2026 2:40;3/4/2026 9:18;Vencido 30;vencido_sin_match
60;131;2;INV_2_20200704;2020-02-20 VECTORQUIM CÍA. LTDA. 2020-07-04;20/2/2020;4/7/2020;9.22;9.22;;;;;1;30/3/2026 2:40;3/4/2026 9:18;Vencido 31;vencido_sin_match
61;131;2;INV_2_20200713;2020-02-20 VECTORQUIM CÍA. LTDA. 2020-07-13;20/2/2020;13/7/2020;9.22;9.22;;;;;1;30/3/2026 2:40;3/4/2026 9:18;Vencido 32;vencido_sin_match
62;131;2;INV_2_20200718;2020-02-20 VECTORQUIM CÍA. LTDA. 2020-07-18;20/2/2020;18/7/2020;9.22;9.22;;;;;1;30/3/2026 2:40;3/4/2026 9:18;Vencido 33;vencido_sin_match
63;151;5;INV_5_20290121;TELCONET 2029-01-21;21/1/2026;21/1/2029;9.0;;;;;0.983941555313578;1;30/3/2026 2:40;30/3/2026 2:40;56010100001290100000000000000000;matched_2d
64;139;4;INV_4_20330725;2024-07-25 BONOS DEL ESTADO 2033-07-25;25/7/2024;25/7/2033;6.21;;;;;0.808528213937795;1;30/3/2026 2:40;30/3/2026 2:40;45040100401330700000000000000000;matched_2d
65;139;4;INV_4_20300928;2022-09-28 BONOS DEL ESTADO 2030-09-28;28/9/2022;28/9/2030;5.93;;;;;0.907591517239227;1;30/3/2026 2:40;30/3/2026 2:40;45040100203300900000000000000000;matched_2d
66;135;2;INV_2_20201211;2020-07-20 SURPAPEL 2020-12-11;20/7/2020;11/12/2020;8.93;8.93;;;;;1;30/3/2026 2:40;3/4/2026 9:18;Vencido 34;vencido_sin_match
67;137;2;INV_2_20201124;2020-06-02 REPAPERS RECICLAJE DEL ECUADOR SA 2020-11-24;2/6/2020;24/11/2020;9.01;9.01;;;;;1;30/3/2026 2:40;3/4/2026 9:18;Vencido 35;vencido_sin_match
68;130;2;INV_2_20210212;2020-08-21 CARTIMEX S. A. 2021-02-12;21/8/2020;12/2/2021;9.08;9.08;;;;;1;30/3/2026 2:40;3/4/2026 9:18;Vencido 36;vencido_sin_match
69;128;1;INV_1_20140425;2014-03-26 Diners 2014-04-25;26/3/2014;25/4/2014;3.7;3.7;;;;;1;30/3/2026 2:40;3/4/2026 8:59;Vencido 37;vencido_sin_match
70;130;2;INV_2_20201129;2020-07-07 CARTIMEX S. A. 2020-11-29;7/7/2020;29/11/2020;8.46;8.46;;;;;1;30/3/2026 2:40;3/4/2026 9:18;Vencido 38;vencido_sin_match
71;132;2;INV_2_20200102;2019-08-16 INDUGEM - INDUSTRIAL GEMINIS 2020-01-02;16/8/2019;2/1/2020;8.75;8.75;;;;;1;30/3/2026 2:40;3/4/2026 9:18;Vencido 39;vencido_sin_match
72;128;1;INV_1_20200217;2019-01-03 Diners 2020-02-17;3/1/2019;17/2/2020;3.3;3.3;;;;;1;30/3/2026 2:40;3/4/2026 8:59;Vencido 40;vencido_sin_match
73;139;4;INV_4_20310517;2023-05-17 BONOS DEL ESTADO 2031-05-17;17/5/2023;17/5/2031;5.93;;;;;0.86920971137276;1;30/3/2026 2:40;30/3/2026 2:40;45040100201310500000000000000000;matched_2d
74;128;1;INV_1_20140526;2014-03-26 Diners 2014-05-26;26/3/2014;26/5/2014;4.4;4.4;;;;;1;30/3/2026 2:40;3/4/2026 8:59;Vencido 41;vencido_sin_match
75;141;3;INV_3_20210830;Superdeporte 2021-08-30;;30/8/2021;8.76;;;;;;1;30/3/2026 2:40;30/3/2026 2:40;Vencido 42;vencido_sin_match
76;130;2;INV_2_20210227;2020-09-07 CARTIMEX S. A. 2021-02-27;7/9/2020;27/2/2021;9.13;9.13;;;;;1;30/3/2026 2:40;3/4/2026 9:18;Vencido 43;vencido_sin_match
77;142;5;INV_5_20241204;AGRO SILVIA MARIA AGROSYLMA 2024-12-04 2024-12-04;;4/12/2024;8.0;;;;;;1;30/3/2026 2:40;30/3/2026 2:40;Vencido 44;vencido_sin_match
78;130;2;INV_2_20201227;2020-08-14 CARTIMEX S. A. 2020-12-27 1;14/8/2020;27/12/2020;8.79;8.79;;;;;1;30/3/2026 2:40;3/4/2026 9:18;Vencido 45;vencido_sin_match
79;130;2;INV_2_20210224;2020-09-02 CARTIMEX S. A. 2021-02-24;2/9/2020;24/2/2021;9.03;9.03;;;;;1;30/3/2026 2:40;3/4/2026 9:18;Vencido 46;vencido_sin_match
80;139;4;INV_4_20290627;2022-06-27 BONOS DEL ESTADO 2029-06-27;27/6/2022;27/6/2029;5.64;;;;;0.92957174386855;1;30/3/2026 2:40;30/3/2026 2:40;45040100201290600000000000000000;matched_2d
81;139;4;INV_4_20301106;2025-11-06 BONOS DEL ESTADO 2030-11-06;6/11/2025;6/11/2030;7.13;;;;;0.917012635805113;1;30/3/2026 2:40;30/3/2026 2:40;4504010010130110000000000000000;matched_2d
82;130;2;INV_2_20210613;2020-12-04 CARTIMEX S. A. 2021-06-13;4/12/2020;13/6/2021;9.02;9.02;;;;;1;30/3/2026 2:40;3/4/2026 9:18;Vencido 47;vencido_sin_match
83;128;1;INV_1_20191230;2019-06-07 Diners 2019-12-30;7/6/2019;30/12/2019;0.0;0.0;;;;;1;30/3/2026 2:40;3/4/2026 8:59;Vencido 48;vencido_sin_match
84;135;2;INV_2_20200905;2020-03-20 SURPAPEL 2020-09-05;20/3/2020;5/9/2020;9.02;9.02;;;;;1;30/3/2026 2:40;3/4/2026 9:18;Vencido 49;vencido_sin_match
85;139;4;INV_4_20260426;2023-04-26 BONOS DEL ESTADO 2026-04-26;2023-04-26;2026-04-26;4.3;;;;;;1;30/3/2026 2:40;30/3/2026 2:40;45040100201260400;no_match_or_ambiguous
86;129;1;INV_1_20200221;Pacifico 2020-02-21;22/1/2019;21/2/2020;3.33;3.33;;;;;1;30/3/2026 2:40;3/4/2026 9:18;Vencido 50;vencido_sin_match
87;139;4;INV_4_20290703;2023-07-03 BONOS DEL ESTADO 2029-07-03;3/7/2023;3/7/2029;5.36;;;;;0.893823759193572;1;30/3/2026 2:40;30/3/2026 2:40;4504010010129070000000000000000;matched_2d
88;139;4;INV_4_20300828;2024-08-28 BONOS DEL ESTADO 2030-08-28;28/8/2024;28/8/2030;5.36;;;;;0.871900625375004;1;30/3/2026 2:40;30/3/2026 2:40;45040100401300800000000000000000;matched_2d
89;128;1;INV_1_20190607;2018-03-14 Diners 2019-06-07;14/3/2018;7/6/2019;6.3;6.3;;;;;1;30/3/2026 2:40;3/4/2026 8:59;Vencido 51;vencido_sin_match
90;128;1;INV_1_20181212;2017-12-12 Diners 2018-12-12;12/12/2017;12/12/2018;5.75;5.75;;;;;1;30/3/2026 2:40;3/4/2026 8:59;Vencido 52;vencido_sin_match
91;128;1;INV_1_20180706;2018-05-10 Diners 2018-07-06;10/5/2018;6/7/2018;2.0;2.0;;;;;1;30/3/2026 2:40;3/4/2026 8:59;Vencido 53;vencido_sin_match
92;128;1;INV_1_20191202;2018-04-09 Diners 2019-12-02;9/4/2018;2/12/2019;6.45;6.45;;;;;1;30/3/2026 2:40;3/4/2026 8:59;Vencido 54;vencido_sin_match
93;136;2;INV_2_20201214;2020-07-06 PRODUCTORA CARTONERA S.A. 2020-12-14;6/7/2020;14/12/2020;8.5;8.5;;;;;1;30/3/2026 2:40;3/4/2026 9:18;Vencido 55;vencido_sin_match
94;139;4;INV_4_20340806;2025-08-06 BONOS DEL ESTADO 2034-08-06;6/8/2025;6/8/2034;7.93;;;;;0.843093579728246;1;30/3/2026 2:40;30/3/2026 2:40;45040100101340800000000000000000;matched_2d
95;128;1;INV_1_20180314;2016-12-19 Diners 2018-03-14;19/12/2016;14/3/2018;6.75;6.75;;;;;1;30/3/2026 2:40;3/4/2026 8:59;Vencido 56;vencido_sin_match
96;128;1;INV_1_20171211;2016-11-10 Diners 2017-12-11;10/11/2016;11/12/2017;6.7;6.7;;;;;1;30/3/2026 2:40;3/4/2026 8:59;Vencido 57;vencido_sin_match
97;128;1;INV_1_20180509;2017-05-09 Diners 2018-05-09;9/5/2017;9/5/2018;5.7;5.7;;;;;1;30/3/2026 2:40;3/4/2026 8:59;Vencido 58;vencido_sin_match
98;6;73;INV_73_20341231;PRODUBANCO 2034-12-31;1/8/2025;31/12/2034;1.0;1.0;;;;;1;30/3/2026 2:40;3/4/2026 8:59;ACC PRODUBANCO;manual_equivalencia_usuario
99;135;2;INV_2_20210720;2021-02-17 SURPAPEL 2021-07-20;17/2/2021;20/7/2021;8.63;8.63;;;;;1;30/3/2026 2:40;3/4/2026 9:18;Vencido 59;vencido_sin_match
100;128;1;INV_1_20180409;2017-01-13 Diners 2018-04-09;13/1/2017;9/4/2018;6.45;6.45;;;;;1;30/3/2026 2:40;3/4/2026 8:59;Vencido 60;vencido_sin_match
101;139;4;INV_4_20290517;2023-05-17 BONOS DEL ESTADO 2029-05-17;17/5/2023;17/5/2029;5.36;;;;;0.920348946161149;1;30/3/2026 2:40;30/3/2026 2:40;45040100203290500000000000000000;matched_2d
102;128;1;INV_1_20170113;2016-01-08 Diners 2017-01-13;8/1/2016;13/1/2017;7.3;7.3;;;;;1;30/3/2026 2:40;3/4/2026 8:59;Vencido 61;vencido_sin_match
103;128;1;INV_1_20200107;2019-02-15 Diners 2020-01-07;15/2/2019;7/1/2020;0.0;0.0;;;;;1;30/3/2026 2:40;3/4/2026 8:59;Vencido 62;vencido_sin_match
104;128;1;INV_1_20190904;2018-04-13 Diners 2019-09-04;13/4/2018;4/9/2019;6.35;6.35;;;;;1;30/3/2026 2:40;3/4/2026 8:59;Vencido 63;vencido_sin_match
105;139;4;INV_4_20310725;2024-07-25 BONOS DEL ESTADO 2031-07-25;25/7/2024;25/7/2031;5.64;;;;;0.850590573862553;1;30/3/2026 2:40;30/3/2026 2:40;45040100401310700000000000000000;matched_2d
106;139;4;INV_4_20320627;2024-06-27 BONOS DEL ESTADO 2032-06-27;27/6/2024;27/6/2032;5.93;;;;;0.869054715083827;1;30/3/2026 2:40;30/3/2026 2:40;45040100401320600000000000000000;matched_2d
107;133;2;INV_2_20200209;2019-09-30 DITEINCORP S.A 2020-02-09;30/9/2019;9/2/2020;8.75;8.75;;;;;1;30/3/2026 2:40;3/4/2026 9:18;Vencido 64;vencido_sin_match
108;144;5;INV_5_20231129;Boyacá 2023-11-29 2023-11-29;;29/11/2023;8.2;;;;;;1;30/3/2026 2:40;30/3/2026 2:40;Vencido 65;vencido_sin_match
109;145;5;INV_5_20270314;DUPOCSA 2027-03-14 2027-03-14;;2027-03-14;8.5;;;;;;1;30/3/2026 2:40;30/3/2026 2:40;NUAY;no_alias
110;139;4;INV_4_20311208;2025-12-08 BONOS DEL ESTADO 2031-12-08;8/12/2025;8/12/2031;7.35;;;;;0.900812195648399;1;30/3/2026 2:40;30/3/2026 2:40;45040100101311200000000000000000;matched_2d
111;141;3;INV_3_20220414;Superdeporte 2022-04-14;;14/4/2022;8.76;;;;;;1;30/3/2026 2:40;30/3/2026 2:40;Vencido 66;vencido_sin_match
112;139;4;INV_4_20250512;2021-05-12 BONOS DEL ESTADO 2025-05-12;12/5/2021;12/5/2025;4.71;;;;;;1;30/3/2026 2:40;30/3/2026 2:40;Vencido 67;vencido_sin_match
113;139;4;INV_4_20290524;2023-05-24 BONOS DEL ESTADO 2029-05-24;24/5/2023;24/5/2029;5.36;;;;;0.919652362794221;1;30/3/2026 2:40;30/3/2026 2:40;45040100201290500000000000000000;matched_2d
114;139;4;INV_4_20281228;2022-12-28 BONOS DEL ESTADO 2028-12-28;28/12/2022;28/12/2028;5.64;;;;;0.934825110804566;1;30/3/2026 2:40;30/3/2026 2:40;45040100202281200000000000000000;matched_2d
115;130;2;INV_2_20191207;2019-07-10 CARTIMEX S. A. 2019-12-07;10/7/2019;7/12/2019;8.25;8.25;;;;;1;30/3/2026 2:40;3/4/2026 9:18;Vencido 68;vencido_sin_match
116;139;4;INV_4_20320711;2023-07-11 BONOS DEL ESTADO 2032-07-11;11/7/2023;11/7/2032;6.21;;;;;0.86175477201028;1;30/3/2026 2:40;30/3/2026 2:40;45040100101320700000000000000000;matched_2d
117;10;73;INV_73_20341231;BANCO AUSTRO 2034-12-31;23/3/2026;31/12/2034;1.0;1.0;;;;;1;30/3/2026 2:40;3/4/2026 8:59;ACC AUSTRO;manual_equivalencia_usuario
118;128;1;INV_1_20200102;2018-11-28 Diners 2020-01-02;28/11/2018;2/1/2020;0.0;0.0;;;;;1;30/3/2026 2:40;3/4/2026 8:59;Vencido 69;vencido_sin_match
119;139;4;INV_4_20301118;2024-11-18 BONOS DEL ESTADO 2030-11-18;18/11/2024;18/11/2030;5.36;;;;;0.865071390237937;1;30/3/2026 2:40;30/3/2026 2:40;45040100401301100000000000000000;matched_2d
120;139;4;INV_4_20300612;2024-06-12 BONOS DEL ESTADO 2030-06-12;12/6/2024;12/6/2030;8.5;;;;;0.881484467200984;1;30/3/2026 2:40;30/3/2026 2:40;45040100401300600000000000000000;matched_2d
121;128;1;INV_1_20191227;2018-06-26 Diners 2019-12-27;26/6/2018;27/12/2019;0.0;0.0;;;;;1;30/3/2026 2:40;3/4/2026 8:59;Vencido 70;vencido_sin_match
122;128;1;INV_1_20180703;2018-04-02 Diners 2018-07-03;2/4/2018;3/7/2018;3.8;3.8;;;;;1;30/3/2026 2:40;3/4/2026 8:59;Vencido 71;vencido_sin_match
123;128;1;INV_1_20181128;2017-09-04 Diners 2018-11-28;4/9/2017;28/11/2018;6.0;6.0;;;;;1;30/3/2026 2:40;3/4/2026 8:59;Vencido 72;vencido_sin_match
124;132;2;INV_2_20200118;2019-09-06 INDUGEM - INDUSTRIAL GEMINIS 2020-01-18;6/9/2019;18/1/2020;8.97;8.97;;;;;1;30/3/2026 2:40;3/4/2026 9:18;Vencido 73;vencido_sin_match
125;128;1;INV_1_20191227;2018-09-05 Diners 2019-12-27;5/9/2018;27/12/2019;0.0;0.0;;;;;1;30/3/2026 2:40;3/4/2026 8:59;Vencido 74;vencido_sin_match
126;128;1;INV_1_20191230;2018-10-24 Diners 2019-12-30;24/10/2018;30/12/2019;0.0;0.0;;;;;1;30/3/2026 2:40;3/4/2026 8:59;Vencido 75;vencido_sin_match
127;128;1;INV_1_20190925;2018-09-25 Diners 2019-09-25;25/9/2018;25/9/2019;6.3;6.3;;;;;1;30/3/2026 2:40;3/4/2026 8:59;Vencido 76;vencido_sin_match
128;130;2;INV_2_20201227;2020-08-14 CARTIMEX S. A. 2020-12-27 2;14/8/2020;27/12/2020;8.8;8.8;;;;;1;30/3/2026 2:40;3/4/2026 9:18;Vencido 77;vencido_sin_match
129;128;1;INV_1_20200115;2019-01-11 Diners 2020-01-15;11/1/2019;15/1/2020;6.6;6.6;;;;;1;30/3/2026 2:40;3/4/2026 8:59;Vencido 78;vencido_sin_match
130;128;1;INV_1_20181024;2017-10-24 Diners 2018-10-24;24/10/2017;24/10/2018;5.75;5.75;;;;;1;30/3/2026 2:40;3/4/2026 8:59;Vencido 79;vencido_sin_match
131;128;1;INV_1_20180925;2017-09-25 Diners 2018-09-25;25/9/2017;25/9/2018;5.75;5.75;;;;;1;30/3/2026 2:40;3/4/2026 8:59;Vencido 80;vencido_sin_match
132;136;2;INV_2_20210418;2020-12-16 PRODUCTORA CARTONERA S.A. - ALES 2021-04-18;16/12/2020;18/4/2021;8.55;8.55;;;;;1;30/3/2026 2:40;3/4/2026 9:18;Vencido 81;vencido_sin_match
133;139;4;INV_4_20251118;2022-11-18 BONOS DEL ESTADO 2025-11-18;18/11/2022;18/11/2025;4.3;;;;;;1;30/3/2026 2:40;30/3/2026 2:40;Vencido 82;vencido_sin_match
134;128;1;INV_1_20190830;2018-08-30 Diners 2019-08-30;30/8/2018;30/8/2019;6.3;6.3;;;;;1;30/3/2026 2:40;3/4/2026 8:59;Vencido 83;vencido_sin_match
135;139;4;INV_4_20290612;2024-06-12 BONOS DEL ESTADO 2029-06-12;2024-06-12;2029-06-12;5.07;;;;;;1;30/3/2026 2:40;30/3/2026 2:40;;ambiguous_2d
136;128;1;INV_1_20200107;2018-12-12 Diners 2020-01-07;12/12/2018;7/1/2020;0.0;0.0;;;;;1;30/3/2026 2:40;3/4/2026 8:59;Vencido 84;vencido_sin_match
137;128;1;INV_1_20190111;2018-01-11 Diners 2019-01-11;11/1/2018;11/1/2019;5.85;5.85;;;;;1;30/3/2026 2:40;3/4/2026 8:59;Vencido 85;vencido_sin_match
138;128;1;INV_1_20171024;2016-10-24 Diners 2017-10-24;24/10/2016;24/10/2017;6.7;6.7;;;;;1;30/3/2026 2:40;3/4/2026 8:59;Vencido 86;vencido_sin_match
139;128;1;INV_1_20170925;2016-09-23 Diners 2017-09-25;23/9/2016;25/9/2017;6.85;6.85;;;;;1;30/3/2026 2:40;3/4/2026 8:59;Vencido 87;vencido_sin_match
140;139;4;INV_4_20331226;2024-12-26 BONOS DEL ESTADO 2033-12-26;26/12/2024;26/12/2033;6.21;;;;;0.805779044539959;1;30/3/2026 2:40;30/3/2026 2:40;450401004013312000000000000000000;matched_2d
141;128;1;INV_1_20180830;2017-08-30 Diners 2018-08-30;30/8/2017;30/8/2018;5.75;5.75;;;;;1;30/3/2026 2:40;3/4/2026 8:59;Vencido 88;vencido_sin_match
142;139;4;INV_4_20291219;2024-12-19 BONOS DEL ESTADO 2029-12-19;19/12/2024;19/12/2029;5.07;;;;;0.885674793305862;1;30/3/2026 2:40;30/3/2026 2:40;45040100401291200000000000000000;matched_2d
143;128;1;INV_1_20191230;2018-12-12 Diners 2019-12-30;12/12/2018;30/12/2019;0.0;0.0;;;;;1;30/3/2026 2:40;3/4/2026 8:59;Vencido 89;vencido_sin_match
144;128;1;INV_1_20161110;2015-11-05 Diners 2016-11-10;5/11/2015;10/11/2016;7.3;7.3;;;;;1;30/3/2026 2:40;3/4/2026 8:59;Vencido 90;vencido_sin_match
145;128;1;INV_1_20161024;2015-10-23 Diners 2016-10-24;23/10/2015;24/10/2016;7.3;7.3;;;;;1;30/3/2026 2:40;3/4/2026 8:59;Vencido 91;vencido_sin_match
146;128;1;INV_1_20160923;2015-09-22 Diners 2016-09-23;22/9/2015;23/9/2016;7.3;7.3;;;;;1;30/3/2026 2:40;3/4/2026 8:59;Vencido 92;vencido_sin_match
147;128;1;INV_1_20170830;2016-08-30 Diners 2017-08-30;30/8/2016;30/8/2017;6.6;6.6;;;;;1;30/3/2026 2:40;3/4/2026 8:59;Vencido 93;vencido_sin_match
148;128;1;INV_1_20180706;2018-04-09 Diners 2018-07-06;9/4/2018;6/7/2018;2.9;2.9;;;;;1;30/3/2026 2:40;3/4/2026 8:59;Vencido 94;vencido_sin_match
149;128;1;INV_1_20160829;2016-06-28 Diners 2016-08-29;28/6/2016;29/8/2016;4.95;4.95;;;;;1;30/3/2026 2:40;3/4/2026 8:59;Vencido 95;vencido_sin_match
150;128;1;INV_1_20160820;2015-06-28 Diners 2016-08-20;28/6/2015;20/8/2016;4.95;4.95;;;;;1;30/3/2026 2:40;3/4/2026 8:59;Vencido 96;vencido_sin_match
151;139;4;INV_4_20310828;2024-08-28 BONOS DEL ESTADO 2031-08-28;28/8/2024;28/8/2031;5.64;;;;;0.851058592885288;1;30/3/2026 2:40;30/3/2026 2:40;45040100401310800000000000000000;matched_2d
152;130;2;INV_2_20201121;2020-08-21 CARTIMEX S. A. 2020-11-21;21/8/2020;21/11/2020;8.93;8.93;;;;;1;30/3/2026 2:40;3/4/2026 9:18;Vencido 97;vencido_sin_match
153;139;4;INV_4_20280715;2024-07-15 BONOS DEL ESTADO 2028-07-15;15/7/2024;15/7/2028;4.71;;;;;0.926414344297255;1;30/3/2026 2:40;30/3/2026 2:40;45040100401280700000000000000000;matched_2d
154;139;4;INV_4_20300524;2023-04-26 BONOS DEL ESTADO 2030-05-24;2023-04-26;2030-05-24;5.64;;;;;;1;30/3/2026 2:40;30/3/2026 2:40;45040100201300500;no_match_or_ambiguous
155;133;2;INV_2_20200319;2019-10-25 DITEINCORP S.A 2020-03-19;25/10/2019;19/3/2020;9.01;9.01;;;;;1;30/3/2026 2:40;3/4/2026 9:18;Vencido 98;vencido_sin_match
156;128;1;INV_1_20151023;2014-10-22 Diners 2015-10-23;22/10/2014;23/10/2015;5.7;5.7;;;;;1;30/3/2026 2:40;3/4/2026 8:59;Vencido 99;vencido_sin_match
157;128;1;INV_1_20150922;2014-09-22 Diners 2015-09-22;22/9/2014;22/9/2015;6.1;6.1;;;;;1;30/3/2026 2:40;3/4/2026 8:59;Vencido 100;vencido_sin_match
158;149;2;INV_2_20240520;2023-11-22 SURGALARE 2024-05-20;22/11/2023;20/5/2024;10.0;8.66;;;;;1;30/3/2026 2:40;3/4/2026 9:14;Vencido 101;vencido_sin_match
159;139;4;INV_4_20320910;2025-09-10 BONOS DEL ESTADO 2032-09-10;10/9/2025;10/9/2032;7.54;;;;;0.901422070042248;1;30/3/2026 2:40;30/3/2026 2:40;45040100101320900000000000000000;matched_2d
160;128;1;INV_1_20141022;2014-03-26 Diners 2014-10-22;26/3/2014;22/10/2014;6.5;6.5;;;;;1;30/3/2026 2:40;3/4/2026 8:59;Vencido 102;vencido_sin_match
161;128;1;INV_1_20191230;2018-10-10 Diners 2019-12-30;10/10/2018;30/12/2019;0.0;0.0;;;;;1;30/3/2026 2:40;3/4/2026 8:59;Vencido 103;vencido_sin_match
162;128;1;INV_1_20140724;2014-03-26 Diners 2014-07-24;26/3/2014;24/7/2014;5.0;5.0;;;;;1;30/3/2026 2:40;3/4/2026 8:59;Vencido 104;vencido_sin_match
163;128;1;INV_1_20140922;2014-03-26 Diners 2014-09-22;26/3/2014;22/9/2014;6.0;6.0;;;;;1;30/3/2026 2:40;3/4/2026 8:59;Vencido 105;vencido_sin_match
164;128;1;INV_1_20180409;2017-01-12 Diners 2018-04-09;12/1/2017;9/4/2018;5.65;5.65;;;;;1;30/3/2026 2:40;3/4/2026 8:59;Vencido 106;vencido_sin_match
165;128;1;INV_1_20150326;2014-03-26 Diners 2015-03-26;26/3/2014;26/3/2015;7.1;7.1;;;;;1;30/3/2026 2:40;3/4/2026 8:59;Vencido 107;vencido_sin_match
166;128;1;INV_1_20170509;2016-05-03 Diners 2017-05-09;3/5/2016;9/5/2017;7.15;7.15;;;;;1;30/3/2026 2:40;3/4/2026 8:59;Vencido 108;vencido_sin_match
167;128;1;INV_1_20140626;2014-03-26 Diners 2014-06-26;26/3/2014;26/6/2014;4.7;4.7;;;;;1;30/3/2026 2:40;3/4/2026 8:59;Vencido 109;vencido_sin_match
168;128;1;INV_1_20160628;2015-07-03 Diners 2016-06-28;3/7/2015;28/6/2016;6.85;6.85;;;;;1;30/3/2026 2:40;3/4/2026 8:59;Vencido 110;vencido_sin_match
169;128;1;INV_1_20140825;2014-03-26 Diners 2014-08-25;26/3/2014;25/8/2014;5.7;5.7;;;;;1;30/3/2026 2:40;3/4/2026 8:59;Vencido 111;vencido_sin_match
170;128;1;INV_1_20191205;2018-12-05 Diners 2019-12-05;5/12/2018;5/12/2019;6.5;6.5;;;;;1;30/3/2026 2:40;3/4/2026 8:59;Vencido 112;vencido_sin_match
171;139;4;INV_4_20321118;2024-11-18 BONOS DEL ESTADO 2032-11-18;18/11/2024;18/11/2032;5.93;;;;;0.853798485547341;1;30/3/2026 2:40;30/3/2026 2:40;45040100401321100000000000000000;matched_2d
172;130;2;INV_2_20200125;2019-09-06 CARTIMEX S. A. 2020-01-25;6/9/2019;25/1/2020;8.01;8.01;;;;;1;30/3/2026 2:40;3/4/2026 9:18;Vencido 113;vencido_sin_match
173;139;4;INV_4_20310524;2023-05-24 BONOS DEL ESTADO 2031-05-24;24/5/2023;24/5/2031;5.93;;;;;0.868706012145498;1;30/3/2026 2:40;30/3/2026 2:40;45040100201310500000000000000000;matched_2d
174;146;5;INV_5_20230827;EMPAGRAN 2023-08-27;;27/8/2023;9.0;;;;;;1;30/3/2026 2:40;30/3/2026 2:40;Vencido 114;vencido_sin_match
175;128;1;INV_1_20180905;2012-09-06 Diners 2018-09-05;6/9/2012;5/9/2018;7.05;7.05;;;;;1;30/3/2026 2:40;3/4/2026 8:59;Vencido 115;vencido_sin_match
176;139;4;INV_4_20310627;2024-06-27 BONOS DEL ESTADO 2031-06-27;27/6/2024;27/6/2031;5.64;;;;;0.853531212060486;1;30/3/2026 2:40;30/3/2026 2:40;45040100401310600000000000000000;matched_2d
177;139;4;INV_4_20300517;2023-05-17 BONOS DEL ESTADO 2030-05-17;17/5/2023;17/5/2030;5.64;;;;;0.89472347132429;1;30/3/2026 2:40;30/3/2026 2:40;45040100202300500000000000000000;matched_2d
178;146;3;INV_3_20260821;EMPAGRAN 2026-08-21;28/8/2025;21/8/2026;10.0;;;;;;1;30/3/2026 2:40;30/3/2026 2:40;PAP EMPAGRAN;manual_equivalencia_usuario
179;138;2;INV_2_20210107;2020-06-16 INTEROC S.A. 2021-01-07;16/6/2020;7/1/2021;7.18;7.18;;;;;1;30/3/2026 2:40;3/4/2026 9:18;Vencido 116;vencido_sin_match
180;139;4;INV_4_20311106;2025-11-06 BONOS DEL ESTADO 2031-11-06;6/11/2025;6/11/2031;7.35;;;;;0.900858452818663;1;30/3/2026 2:40;30/3/2026 2:40;4504010010131110000000000000000;matched_2d
181;139;4;INV_4_20301204;2024-12-04 BONOS DEL ESTADO 2030-12-04;4/12/2024;4/12/2030;5.36;;;;;0.863960291386648;1;30/3/2026 2:40;30/3/2026 2:40;4504010040130120000000000000000;matched_2d
182;139;4;INV_4_20240426;2023-04-26 BONOS DEL ESTADO 2024-04-26;26/4/2023;26/4/2024;3.25;;;;;;1;30/3/2026 2:40;30/3/2026 2:40;Vencido 117;vencido_sin_match
183;139;4;INV_4_20330627;2024-06-27 BONOS DEL ESTADO 2033-06-27;27/6/2024;27/6/2033;6.21;;;;;0.846546434294829;1;30/3/2026 2:40;30/3/2026 2:40;45040100401330600000000000000000;matched_2d
184;138;5;INV_5_20241126;INTEROC S.A. 2024-11-26 2024-11-26;;26/11/2024;8.0;;;;;;1;30/3/2026 2:40;30/3/2026 2:40;Vencido 118;vencido_sin_match
185;139;4;INV_4_20280426;2023-04-26 BONOS DEL ESTADO 2028-04-26;26/4/2023;26/4/2028;5.07;;;;;0.939880392869455;1;30/3/2026 2:40;30/3/2026 2:40;450401002012804000000000000000000;matched_2d
186;139;4;INV_4_20141125;2014-11-25 BONOS DEL ESTADO 2024-11-25;25/11/2014;25/11/2014;6.5;;;;;;1;30/3/2026 2:40;30/3/2026 2:40;Vencido 119;vencido_sin_match
187;139;4;INV_4_20290421;2023-04-21 BONOS DEL ESTADO 2029-04-21;21/4/2023;21/4/2029;5.36;;;;;0.922938628944849;1;30/3/2026 2:40;30/3/2026 2:40;450401002012904000000000000000000;matched_2d
188;139;4;INV_4_20270715;2024-07-15 BONOS DEL ESTADO 2027-07-15;15/7/2024;15/7/2027;4.3;;;;;0.963378947874826;1;30/3/2026 2:40;30/3/2026 2:40;45040100401270700000000000000000;matched_2d
189;139;4;INV_4_20290727;2022-07-27 BONOS DEL ESTADO 2029-07-27;27/7/2022;27/7/2029;5.64;;;;;0.926779509402169;1;30/3/2026 2:40;30/3/2026 2:40;45040100201290700000000000000000;matched_2d
190;139;4;INV_4_20290428;2025-04-28 BONOS DEL ESTADO 2029-04-28;28/4/2025;28/4/2029;6.82;;;;;0.948116148642969;1;30/3/2026 2:40;30/3/2026 2:40;45040100101290400000000000000000;matched_2d
191;139;4;INV_4_20321106;2025-11-06 BONOS DEL ESTADO 2032-11-06;6/11/2025;6/11/2032;7.54;;;;;0.886350449402442;1;30/3/2026 2:40;30/3/2026 2:40;4504010010132110000000000000000;matched_2d
192;7;73;INV_73_20341231;BANCO GUAYAQUIL 2034-12-31;4/12/2025;31/12/2034;1.0;1.0;;;;;1;30/3/2026 2:40;3/4/2026 8:59;ACC GUAYAQUIL;manual_equivalencia_usuario
193;139;4;INV_4_20280517;2021-05-17 BONOS DEL ESTADO 2028-05-17;17/5/2021;17/5/2028;5.64;;;;;0.966669091303855;1;30/3/2026 2:40;30/3/2026 2:40;45040100201280500000000000000000;matched_2d
194;8;73;INV_73_20341231;BANCO PICHINCHA 2034-12-31;15/12/2025;31/12/2034;1.0;1.0;;;;;1;30/3/2026 2:40;3/4/2026 8:59;ACC PICHINCHA;manual_equivalencia_usuario
195;139;4;INV_4_20290421;2024-04-21 BONOS DEL ESTADO 2029-04-21;2024-04-21;2029-04-21;5.36;;;;;;1;30/3/2026 2:40;30/3/2026 2:40;45040100201290400;no_match_or_ambiguous
196;32;73;INV_73_20341231;LA FAVORITA 2034-12-31;17/5/2024;31/12/2034;1.0;1.0;;;;;1;30/3/2026 2:40;3/4/2026 8:59;ACC FAVORITA;manual_equivalencia_usuario
197;139;4;INV_4_20290808;2022-08-08 BONOS DEL ESTADO 2029-08-08;8/8/2022;8/8/2029;5.64;;;;;0.925753103225013;1;30/3/2026 2:40;30/3/2026 2:40;45040100201290800000000000000000;matched_2d
198;139;4;INV_4_20301101;2022-11-01 BONOS DEL ESTADO 2030-11-01;1/11/2022;1/11/2030;5.93;;;;;0.894576001137675;1;30/3/2026 2:40;30/3/2026 2:40;4504010020130110000000000000000;matched_2d
199;139;4;INV_4_20270808;2022-08-08 BONOS DEL ESTADO 2027-08-08;8/8/2022;8/8/2027;5.07;;;;;0.996477842448574;1;30/3/2026 2:40;30/3/2026 2:40;45040100201270800000000000000000;matched_2d
200;139;4;INV_4_20280810;2022-08-10 BONOS DEL ESTADO 2028-08-10;10/8/2022;10/8/2028;5.36;;;;;0.948657610711286;1;30/3/2026 2:40;30/3/2026 2:40;45040100201280800000000000000000;matched_2d
201;139;4;INV_4_20270427;2022-04-27 BONOS DEL ESTADO 2027-04-27;27/4/2022;27/4/2027;5.07;;;;;100.179.526.118.347;1;30/3/2026 2:40;30/3/2026 2:40;450401002012704000000000000000000;matched_2d
202;139;4;INV_4_20270623;2022-06-23 BONOS DEL ESTADO 2027-06-23;23/6/2022;23/6/2027;5.07;;;;;0.999021861352851;1;30/3/2026 2:40;30/3/2026 2:40;45040100201270600000000000000000;matched_2d
203;139;4;INV_4_20290616;2021-06-16 BONOS DEL ESTADO 2029-06-16;16/6/2021;16/6/2029;5.93;;;;;0.948463520039913;1;30/3/2026 2:40;30/3/2026 2:40;450401002012906000000000000000000;matched_2d
204;139;4;INV_4_20280703;2023-07-03 BONOS DEL ESTADO 2028-07-03;3/7/2023;3/7/2028;5.07;;;;;0.946977568222309;1;30/3/2026 2:40;30/3/2026 2:40;4504010010128070000000000000000;matched_2d
205;139;4;INV_4_20241118;2022-11-18 BONOS DEL ESTADO 2024-11-18;18/11/2022;18/11/2024;3.82;;;;;;1;30/3/2026 2:40;30/3/2026 2:40;Vencido 120;vencido_sin_match
206;139;4;INV_4_20290517;2021-05-17 BONOS DEL ESTADO 2029-05-17;17/5/2021;17/5/2029;5.93;;;;;0.950895247303201;1;30/3/2026 2:40;30/3/2026 2:40;45040100201290500000000000000000;matched_2d
207;139;4;INV_4_20270517;2021-05-17 BONOS DEL ESTADO 2027-05-17;17/5/2021;17/5/2027;5.36;;;;;100.333.640.029.827;1;30/3/2026 2:40;30/3/2026 2:40;45040100201270500000000000000000;matched_2d
208;139;4;INV_4_20270627;2022-06-27 BONOS DEL ESTADO 2027-06-27;27/6/2022;27/6/2027;5.07;;;;;0.998806375280484;1;30/3/2026 2:40;30/3/2026 2:40;45040100201270600000000000000000;matched_2d
209;139;4;INV_4_20270616;2021-06-16 BONOS DEL ESTADO 2027-06-16;16/6/2021;16/6/2027;5.36;;;;;100.208.856.193.193;1;30/3/2026 2:40;30/3/2026 2:40;450401002012706000000000000000000;matched_2d
210;139;4;INV_4_20250928;2022-09-28 BONOS DEL ESTADO 2025-09-28;28/9/2022;28/9/2025;4.3;;;;;;1;30/3/2026 2:40;30/3/2026 2:40;Vencido 121;vencido_sin_match
211;139;4;INV_4_20290809;2022-08-09 BONOS DEL ESTADO 2029-08-09;9/8/2022;9/8/2029;5.64;;;;;0.925659447856536;1;30/3/2026 2:40;30/3/2026 2:40;45040100201290800000000000000000;matched_2d
212;139;4;INV_4_20300512;2021-05-12 BONOS DEL ESTADO 2030-05-12;12/5/2021;12/5/2030;6.21;;;;;0.938573201781963;1;30/3/2026 2:40;30/3/2026 2:40;45040100201300500000000000000000;matched_2d
213;139;4;INV_4_20280928;2022-09-28 BONOS DEL ESTADO 2028-09-28;28/9/2022;28/9/2028;5.36;;;;;0.943907225966751;1;30/3/2026 2:40;30/3/2026 2:40;45040100203280900000000000000000;matched_2d
214;139;4;INV_4_20270512;2021-05-12 BONOS DEL ESTADO 2027-05-12;12/5/2021;12/5/2027;5.36;;;;;100.353.803.641.947;1;30/3/2026 2:40;30/3/2026 2:40;45040100201270500000000000000000;matched_2d
215;139;4;INV_4_20280928;2021-09-28 BONOS DEL ESTADO 2028-09-28;28/9/2021;28/9/2028;5.64;;;;;0.954965870423825;1;30/3/2026 2:40;30/3/2026 2:40;45040100201280900000000000000000;matched_2d
216;139;4;INV_4_20270628;2022-06-28 BONOS DEL ESTADO 2027-06-28;2022-06-28;2027-06-28;5.36;;;;;;1;30/3/2026 2:40;30/3/2026 2:40;45040100201270600;no_match_or_ambiguous
217;139;4;INV_4_20280327;2020-03-27 BONOS DEL ESTADO 2028-03-27;27/3/2020;27/3/2028;5.93;;;;;0.996005627140141;1;30/3/2026 2:40;30/3/2026 2:40;45040132001280300000000000000000;matched_2d
218;139;4;INV_4_20260920;2019-09-20 BONOS DEL ESTADO 2026-09-20;2019-09-20;2026-09-20;5.67;;;;;;1;30/3/2026 2:40;30/3/2026 2:40;;no_match_or_ambiguous
